timestamp,username,ip_address,port,status
2025-05-21 22:30:00,joao,192.168.0.10,22,failed
2025-05-21 10:15:00,maria,192.168.0.11,443,success
2025-05-21 03:00:00,ana,192.168.0.14,3389,success
2025-05-21 11:45:00,carlos,192.168.0.12,80,failed
2025-05-21 11:46:00,carlos,192.168.0.12,80,failed
2025-05-21 11:47:00,carlos,192.168.0.12,80,failed
2025-05-22 21:55:00,sophia,192.168.1.5,22,SUCCESS
2025-05-22 21:55:03,liam,10.0.0.10,80,SUCCESS
2025-05-22 21:55:07,olivia,172.16.0.20,443,SUCCESS
2025-05-22 21:55:11,noah,192.168.1.8,21,FAILURE
2025-05-22 21:55:15,emma,10.0.0.12,8080,SUCCESS
2025-05-22 21:55:19,jackson,172.16.0.25,53,SUCCESS
2025-05-22 21:55:23,ava,192.168.1.11,22,SUCCESS
2025-05-22 21:55:27,lucas,10.0.0.15,80,FAILURE
2025-05-22 21:55:31,mia,172.16.0.30,443,SUCCESS
2025-05-22 21:55:35,aiden,192.168.1.14,21,SUCCESS
2025-05-22 21:55:39,chloe,10.0.0.18,8080,FAILURE
2025-05-22 21:55:43,ethan,172.16.0.35,53,SUCCESS
2025-05-22 21:55:47,isabella,192.168.1.17,22,FAILURE
2025-05-22 21:55:51,mason,10.0.0.20,80,SUCCESS
2025-05-22 21:55:55,harper,172.16.0.40,443,FAILURE
2025-05-22 21:55:59,elijah,192.168.1.20,21,SUCCESS
2025-05-22 22:00:05,sophia,192.168.1.5,80,SUCCESS
2025-05-22 22:00:10,liam,10.0.0.10,443,SUCCESS
2025-05-22 22:00:15,olivia,172.16.0.20,22,SUCCESS
2025-05-22 22:00:20,noah,192.168.1.8,80,FAILURE
2025-05-22 22:00:25,emma,10.0.0.12,443,SUCCESS
2025-05-22 22:00:30,jackson,172.16.0.25,21,SUCCESS
2025-05-22 22:00:35,ava,192.168.1.11,80,SUCCESS
2025-05-22 22:00:40,lucas,10.0.0.15,443,FAILURE
2025-05-22 22:00:45,mia,172.16.0.30,22,SUCCESS
2025-05-22 22:00:50,aiden,192.168.1.14,80,SUCCESS
2025-05-22 22:00:55,chloe,10.0.0.18,443,FAILURE
2025-05-22 22:01:00,ethan,172.16.0.35,21,SUCCESS
2025-05-22 22:01:05,isabella,192.168.1.17,80,FAILURE
2025-05-22 22:01:10,mason,10.0.0.20,443,SUCCESS
2025-05-22 22:01:15,harper,172.16.0.40,22,FAILURE
2025-05-22 22:01:20,elijah,192.168.1.20,80,SUCCESS
2025-05-22 22:05:00,daniel,203.0.113.50,22,FAILURE
2025-05-22 22:05:03,sarah,203.0.113.55,80,FAILURE
2025-05-22 22:05:07,gabriel,203.0.113.60,443,FAILURE
2025-05-22 22:05:11,ella,203.0.113.65,21,FAILURE
2025-05-22 22:05:15,matthew,203.0.113.70,8080,FAILURE
2025-05-22 22:05:19,emily,203.0.113.75,53,FAILURE
2025-05-22 22:10:00,daniel,203.0.113.50,80,FAILURE
2025-05-22 22:10:03,sarah,203.0.113.55,443,FAILURE
2025-05-22 22:10:07,gabriel,203.0.113.60,22,FAILURE
2025-05-22 22:10:11,ella,203.0.113.65,80,FAILURE
2025-05-22 22:10:15,matthew,203.0.113.70,443,FAILURE
2025-05-22 22:10:19,emily,203.0.113.75,21,FAILURE